Schins;Melvin
Winkelmolen;Lummetje
Drissen;Chinouk
Paulissen;Charles
Gouw;Nakita
van der Eng;Josip
Felicia;Wendell
Neijenhuis;Tinka
van den Boomen;Oebele
Voorn;M'Hamed
Glas;Jörn
ten Caat;Elger
Boersma;Mel
Temming;Demet
Hoogstra;Wilbert
Sips;Jamy
van de Klundert;Teska
Huigen;Kawa
van der Haven;Jannie
Docter;Şahin
Nijman;Zohair
de Schepper;Jonno
Meijer;Jarno
Corver;Albertina
Beker;Eva
Ruissen;Minka
van den Bulk;Ronin
Pelser;Rodin
Damstra;Hillary
Mensink;Rein
Bomhof;Soumia
Huzen;Najwa
van Willigenburg;Krijntje
Vrieling;Usman
Medema;Christal
Schoutsen;Jacco
Wigger;Carlo
Voorbraak;Ravenna
Celie;Aischa
Sterrenburg;Claudine
van der Lingen;Yassin
Vegt;Jidde
Mols;Dré
Mombarg;Berendje
Bastiaens;Marjolein
Kalsbeek;Krijn
Gardenier;Naoual
Antonis;Lindsay
van Woezik;Lammert
Hoffmann;Jacques
van der Togt;Kaoutar
Zoon;Christan
Borst;Kelsy
Wijnhoud;Davina
Helms;Rosali
Koenen;Atika
Bulters;Sierd
Dursun;Bjørn
Veurink;Eize
Koffeman;Gidion
Meekes;Cihad
Wunderink;Cindel
Goosen;Chahrazad
Hemmink;Alysha
Huijer;Amando
Samsom;Ricardus
Neuteboom;Kai
Voorn;Josha
van der Wegen;Elke
Zondervan;Lindomar
Vriezen;Zowie
Koornneef;Yağmur
van Thiel;Kristianne
Stolp;Gus
Wemmers;Satish
Heijne;Anjo
Blaauw;Rafaëla
Rosenboom;Shun
Hamstra;Henderika
ter Avest;Noureddine
van der Does;Devano
Bak;Vural
Steen;Sabiha
van den Bergen;Selami
Wijngaarden;Minne
Roijen;Hong
Diependaal;Silvan
Tilmans;Turan
Leijdekkers;Rafael
Farah;Paolo
Jongmans;Gooitzen
Paulus;Kerem
Henssen;Wiard
te Braak;Jippe
Niels;Durkje
van Steenbergen;Feray
Vlemmings;Zinzi
Entjes;Gian
Bours;Wytze
Bijnen;Melek
Thoonen;Yasser
van der Rijt;Norine
van der Ploeg;Theadora
Weustink;Nygel
Doest;Yelda
Vrancken;Erin
Willard;Pascal
Aussems;Marinde
Beenen;Jurriën
Stijf;Jeremey
van Heck;René
Pieterman;Bent
Bosboom;Kira
Siemonsma;Zahraa
Schevers;Nikola
Postema;Joeri
Harpal;Zacharias
Vermeule;Annabelle
Sitaram;Sonam
Dane;Maggy
Exel;Tansu
Entjes;Hatim
van Son;Ayfer
van Wilgenburg;Mayk
Bart;Justice
Deen;Tülin
ter Burg;Joury
Bouland;Conny
Dreijer;Lissy
Spin;Vic
Koelemij;Jihad
Pasmans;Dylana
Demandt;Don
Schuuring;Cihad
Diepeveen;Wijtske
de Gast;Alana
Koç;Gerlof
van Stuijvenberg;Lysette
Brommer;Defne
van Dellen;Shannen
Slegers;Klaudia
Leusink;Adilson
Weterings;Jannieke
Takken;Jacobina
Saes;Anne-Louise
Paas;Byron
Oldenhuis;Ronja
Teunissen;Rachél
de Groen;Harmjan
Mercera;Nathan
Klijnsma;Sabriye
Broerse;Gigi
Reeuwijk;Shahin
Valckx;Josia
Arts;Sienna
Stroomer;Tex
Kooij;Feija
Verhorst;Angeline
Pelders;Anastacia
Bax;Marèll
van Oosten;Bo
van Leijsen;Johanne
Caspers;Çağlar
Eijgenraam;Mauritius
Bessems;Sandro
Boerhof;Bibian
Posthumus;Devanté
Voskuil;Rushil
Jorritsma;Farha
van Minnen;Micky
van der Heide;Tatum
van Zweden;Alexis
El Hamdaoui;Sherina
Arnoldussen;Darcy
Westerhoff;Ambra
Zwagerman;Delayla
Veldwijk;Thea
Oosterveer;Alisia
Tetteroo;IJsbrand
van der Zalm;Charlaine
Loer;Devrim
Knijff;Ridwan
de Coninck;Jaël
Wortelboer;Mirza
Hellemons;Melvyn
Pistorius;Rajaa
de Munnik;Achmed
Doornenbal;Pieter
Bras;Gianni
Thiele;Christi
Brookhuis;Marly
Sleurink;Chafik
Gijsbers;Elina
Bijman;Jermain
van IJzendoorn;Özhan
Doedens;Ipek
Slenders;Nemanja
Daling;Salome
Hemmer;Dilan
Homburg;Willemina
Sturm;Jamai
Nederpel;Jaimy-Lee
Schaar;Jamahl
Klijn;Fenneken
Verstraaten;Emile
Fleer;Simon
Uil;Vinay
Gilissen;Phil
Yang;Armen
Donker;Dio
van Kasteel;Geert
Witting;Cis
van Melick;Hanifi
Hokke;Take
Bender;Nikolaos
Geerdink;Imara
van der Schee;Leslie
Leffers;Alpha
van Buuren;Florencia
van der Mee;Hasret
Frerichs;Tamar
Meilink;Wassima
van den Bogert;Chayenne
Daling;Edine
Kaper;Erica
Veijer;Dijana
Krop;Jur
Hooijmans;Lauren
Debets;Anthea
Denissen;Ilia
Hol;Ditte
Brouwers;Omayma
Christ;Akshay
Gerits;Resi
Quaak;Wafa
Vaassen;Toni
van der Meiden;Coşkun
Oostra;Saadet
Broersen;Rosalina
van Beeck;Saira
van Ee;Mathyn
Engels;Remko
Reitsma;Puja
Tillemans;Hatice
Kerkman;Joel
Marechal;Riccardo
Stooker;Chahid
van Huizen;Simen
Klerks;Peter-Paul
Leeuwestein;Mauri
Schoonderbeek;Maartje
Flohr;Lindey
van der Windt;Jeff
Weiss;Ecem
Jager;Jia
Wierstra;Rinke
Tielens;Safiera
Oosterbroek;Marianka
Kuipers;Aarnout
Richters;Daryll
Overgaauw;Jaimy
van Sleeuwen;Stuart
Vaessen;Denisa
Riezebos;Charléne
Zhou;Imogen
de Niet;Gloria
Rullens;Ulrich
Vruggink;Silver
Buth;Jurrit
Reitsma;Vandana
den Broeder;Corbin
Klinkers;Wendelina
Swinkels;Danique
Robbe;Marcelis
Latour;Billy
Schellen;Zi
Klijsen;Cain
van Rumpt;Buket
Jongenotter;Henrica
van den Blink;Rachel
Schellen;Warsha
Morssink;Marciano
van Schendel;Geerte
Harkema;Liban
van Bohemen;Kaily
Verbraak;Rieneke
Versluijs;Turan
van de Coolwijk;Omid
Dees;Altan
Doldersum;Ermin
van der Loo;Amerins
Rauwerda;Matteüs
Bekers;Billal
van Strien;Narin
Nederstigt;Brand
Diepstraten;Samatar
van Werven;Tijn
van Oosterom;Kornelia
van der Ben;Djayden
Schijven;Esma
van Beelen;Annemiek
Welman;Enno
van den Kieboom;Lyan
van der Bend;Aydan
Flapper;Ming
Nootenboom;Hylke
de Pater;Dimphna
Buijnsters;Liduina
Kwakkel;Zena
van den Hombergh;Josefien
Tap;Sabien
Bosselaar;Lilia
Wijbenga;Lenna
Koeslag;Jean
Gaal;Conradus
Beenhakker;Monir
Demirci;Giuseppe
Oehlers;Seher
Louter;Bartha
Hoogerwerf;Ynske
Martis;Safia
Adriaensen;Salah-Eddine
Bakelaar;Mylo
Waterval;Fransina
Boog;Bennet
Meijers;Lusanne
Warsame;Adrianus
Leus;Misha
Oosterbroek;Marilou
van Overveld;Soukaina
Tempelaars;Elvis
van Helvoirt;Deniz
Bartholomeus;João
Fokker;Dudu
Lensen;Calum
Kengen;Steffen
Schouwstra;Eduardo
Tamis;Enzio
Kitzen;Darryl
Artz;Denise
Schippers;Anne-Britt
Stobbe;Richard
Weterings;Ebru
Vriesema;Christianus
Kilinç;Gunnar
Bakels;Hava
Niels;Raphael
Hereijgers;Flor
Krabben;Cleo
Noya;Jaël
de Jongh;Liban
van Gompel;Ronnie
Donderwinkel;Michelle
Benjamin;Daan
Windhorst;Chinouk
van de Geer;Rayn
Bloks;Nour
Stoter;Sharony
de Munck;Ruud
Bogerd;Rolf
Stolze;Goof
Coremans;Ishaan
Frederiks;Richenel
Valkenburg;Femme
Hannink;Dexter
Moret;Berfin
Boone;Melika
Terlouw;Gordon
de Meer;Ravi
Melkert;Nova
Swagemakers;Zhi
Vergouwen;Shirly
van Leer;Roelfina
van Sas;Aike
Adan;Sima
Esveld;Raven
Ketting;Heaven
Jeuring;Aydin
Hulscher;Feike
Wellens;Hoang
van den Elshout;Antsje
Teerink;Soscha
Hoogstraten;Tjalle
Hunneman;Indigo
Vijn;Pim
van Eeten;Güllü
van der Kooi;Jelt
Adriaans;Milenka
van Riemsdijk;Adelina
van Herpen;Chiron
Elemans;Brittany
Bijvoet;Badr
Blokker;Mahad
Toebes;Jamey
Schoofs;Tuncay
Visee;Ninon
Goeman;Gülseren
van de Weerd;Henry
Leeuwenburg;Josje
Zuur;Mohammed
Oldenkamp;Ann
van Koeveringe;Yael
Fieret;Nafisa
Feringa;Hilko
Verboven;Jean
Dröge;Lisa-Marie
van Oost;Peterke
Soer;Erik
Fleur;Nitin
Frijlink;Marjet
Vroon;Asja
Hooijmaijers;Aalt
van 't Klooster;Adrie
Hernandez;Dominica
Cloosterman;Jildert
Vroomen;Diëgo
van Aert;Jeska
de Weerd;Milo
Dorresteijn;Justen
den Hertog;Hamide
Spierenburg;Wilfred
Goedegebuur;Lene
Paardekooper;Chesney
Arts;Shayan
Otto;Demelza
Capelle;Melda
Maan;Ilayda
Sassen;Darko
Merx;Henrica
Combee;Stéphane
Yazici;Ellemieke
van Alfen;Aïsha
Alderliesten;Dinand
Kwantes;Ynske
van Woudenberg;Rivaldo
van der Spek;Vincentius
Ramaker;Bowe
de Rover;Ciara
Woltjer;Haley
Stavenuiter;Abdelhalim
Prince;Gülsüm
Stoppelenburg;Leandro
Dielen;Mayke
Ploegmakers;Yeliz
Duinkerken;Christopher
van 't Veld;Paulette
Pelders;Alessio
Gielissen;Yair
van Vliet;Imko
Stroomer;Heimen
Graat;Meriam
de Roo;Saya
Werkhoven;Harriëtte
Eekhof;Aimad
Rietberg;Mahir
Hermens;My
van Exel;Hieke
Dijks;Splinter
Boxem;Olav
van der Putten;Beer
Berghuis;Jonny
van Leijenhorst;Levi
Sterenborg;Royce
Ritzema;Jaymie
Leistra;Isis
Roffel;Dirk-Jan
Wagter;Maret
Noorlander;Ornella
Gomes;Roger
Deelen;Poonam
Provoost;Anas
van Zanten;Lyn
Borghouts;Fábio
Bozkurt;Rayshree
Manders;Richtje
Warners;Idse
de Jong;Ryan
van der Kaap;Kees
Schreiber;Dominic
Broeks;Amando
Franse;Bas
Nijssen;Joeke
Steijger;Taylan
Heutink;Yarno
van Middelkoop;Julian
Kuijsters;Ivette
van der Voet;Abdifatah
Mangnus;Conradus
van Straaten;Lan
Hartogs;Renger
Pap;Fons
Smits;Wietske
Oosthoek;Hamit
Adrichem;Samira
Koskamp;Maiky
Beekhuizen;Taede
de Moor;Yaël
John;Gerie
Ouwerkerk;Valencia
de Vroome;Soufian
Verwer;Sefa
van Rinsum;Kishen
Hellenbrand;Shun
van den Eijkel;Bernice
Yigit;Claudette
van Middelaar;Lila
Prins;Chiem
Tijink;Danne
Trienekens;Leilani
Wessel;Mirela
Wolf;Mijntje
Bracke;Mattis
Baak;Ot
de Wolde;Marcellinus
Noot;My
de Beer;Mika
Plaisier;Stéphanie
Profijt;Kenzo
Barends;Anny
Langeweg;Morad
Corstjens;Taylan
Fidder;Reuben
Moleman;Issa
Beerepoot;Jornt
van Koeveringe;Lotti
Duijf;Rolinde
Koel;Jürgen
van Wijngaarden;Mellanie
Tolenaars;Rodger
Bayram;Lenny
Klaus;Jamahl
van Ballegooijen;Thijme
Veldhuijzen;Malcolm
Eenink;Nader
ter Schure;Mauro
van Acker;Sira
van Gijn;Mariano
Roodnat;Djordy
van den Beuken;Kristijan
Tobben;Orrin
Weistra;Manja
Broeken;Bjarn
Rosendahl;Marinthe
Mohammad;Zeliha
van der Oord;Hasna
Speijer;Sherona
Schepers;Ceriel
Dobbelsteen;Danilio
Nabbe;Beitske
Vlieger;Gertruda
Schokkenbroek;Esri
van Nijnatten;John
Berghorst;Hacı
Venema;Chun
van Wijnbergen;Neda
Koehoorn;Jorik
van der Wulp;Lotus
Luijkx;Ieke
Boertje;Janiek
Rinsma;Cyrille
Dussel;Nikay
Sinke;Rowen
Verschuuren;Jarne
den Braven;Niko
Ngo;Emin
Huiting;Semmy
van Heijst;Keltoum
Andela;Clemens
Braber;Nathan
Kappers;Raïssa
van Vlimmeren;Kristie
Nanninga;Emmelien
Buurman;Franklin
Doets;Zümra
Kleefstra;Djay
Alsemgeest;Florianne
Kuijf;Keira
van Braak;Jessi
Klasen;Boaz
Meulenbroeks;Yarno
Simsek;Meyke
Lachman;Frenky
van Wezel;Imran
van Roest;Saeed
Al;Gerjon
Verloop;Ymke
Varkevisser;Brend
van Herten;Thanh
Augustijn;Fardou
ten Brinke;Nima
Babel;Jemima
Jans;Guylian
Huiskamp;Tyrza
Kras;Ilya
Hemmer;Shabnam
Schriemer;Jürgen
Lebens;Mara
Weeda;Marshall
Pluijmen;Quincy
Putman;Aïcha
Nijhuis;Gerbrand
Smeenk;Adri
Vroon;Harmannus
Sijbesma;Anoeska
Duif;Jorina
Louman;Tugay
Weusten;Kikki
Verlinde;Sören
van der Zee;Angenita
van Vuure;Morad
Haaijer;Abdelhalim
Wolting;Jacobina
de Bot;Karam
Bosveld;Thecla
Bruijstens;Yentel
de Pijper;Abdulrahman
Schotte;Conchita
Groenewegen;Freek
Beuk;Ömür
van Swaaij;Sayfeddine
Muurling;Georgios
Kobes;Mouad
Spithoven;Callum
ter Burg;Hacı
van Diemen;Clayton
Neeleman;Phaedra
ter Brugge;Gülhan
Palland;Wolter
Hop;Rijkje
Radder;Gerrieke
Velders;Berkant
Pauli;Siham
Kommer;Charisa
Jeukens;Rieks
Huibers;Dimara
van Alten;Deena
Tankink;Raynor
van den Bulk;Derviş
Heldens;Luca
Heres;Feya
Hulleman;Clayton
Benjamins;Jacomijntje
Dimmendaal;Therese
de Boorder;Jerome
Lensink;Elian
dos Santos;Dardan
Deijkers;Samina
Zijderveld;Diogo
Vloedgraven;Hylke
Coolen;Nemo
Vermolen;Jasmina
Kleijwegt;Muharrem
Metz;Xian
Walhout;Wijtze
Tramper;Carianne
Verstegen;Aart-Jan
Wouda;Fayçal
Buiter;Precilla
Lambooij;Marretje
Boschman;Hamed
Finke;Mohammed
Leenman;Fransina
Thoolen;Simon
Majoor;Nemanja
Wijnings;Jaël
Ham;Madeleine
Wiltjer;Süeda
Zeeuw;Ties
Rooijmans;Willie
van Riet;Christinus
Kars;Bowen
Uçar;Selinde
Doelman;Buck
Kloek;Amresh
van den Elzen;Afaf
Menheere;Callum
van Toledo;Lamiae
Hurkens;Wilhelmina
Aelmans;Touraya
Bourgonje;Romaissa
Hilbrink;Jérôme
Ahmadi;Chanine
Stolp;Mattijn
Lenderink;Jermain
Bihari;Ashkan
van Velden;Ernestine
van Leusden;Bionda
Hulzebos;Vidya
Snels;Ludwig
Steenvoorden;Nouria
Roumen;Nikie
Beijk;Ismaïl
van den Top;Chanel
van Veen;Marchano
van de Kraats;Virginia
Nieland;Maiko
Steenbergen;Jorina
van Geene;Graeme
Damstra;Dominique
Khodabaks;Sissi
van der West;Clifford
Stoter;Sharief
Slijkerman;Ihssane
Abrahams;Sharlene
Buurman;Bora
Mozes;Sandy
van den Bersselaar;Valesca
Bastiaan;Mickey
Stroeve;Riza
Smelt;Piotr
van Toor;Doğan
Ensink;Dušan
Woldendorp;Arij
de Ridder;Mauro
Tegelaar;Eric-Jan
Walstra;Eelko
Boschman;Jun
Boshuis;Tido
Volmer;Andrej
Knijff;Maryn
Pieters;Jhon
Muis;Hasret
van der Stok;Valentina
Verhoeven;Teddy
Muijen;Albertine
Dieterman;Nyah
Chong;Caro
Lauwers;Mex
Pastoor;Gerlof
van der Giessen;Ahmet
den Hoedt;Jordana
van Oijen;Ayşe
Slob;Romkje
de Bel;Chaïm
Soetekouw;Hanneke
Louws;Myriam
Lukkien;Marcio
Dane;Lutske
Groffen;Lennox
Borkent;Dalibor
Stuurman;Igor
Trouwborst;Joaquim
van der Rijt;Giliam
Uijen;Carline
Ganzevles;Beerd
Heffels;Edwina
Cozijnsen;Ferdy
Stuut;Drifa
Verkuil;Jary
van Hamburg;Riaz
Weeber;Dolores
Schutte;Svenja
Huijberts;Gianne
Kemna;Charifa
Coomans;Margaretha
Hornstra;Rino
Lafeber;Nikai
Geelhoed;Juliane
Karels;Joyce
Deutekom;Michelle
Overmeer;Ingetje
Lintsen;Micha
Oostveen;Nouh
van Beugen;Sabrin
van der Ent;Alan
Henkes;Geeta
van Soelen;Fadumo
Pasma;Yousri
Boeve;Wouterina
van der Weegen;Loek
Pol;Sabriye
van Eijden;Erin
Hoogakker;Rabia
Lubach;Wei
van Praag;Moustapha
de Keijzer;Nieke
Schoutens;Emy
Schuur;Charles
Schoofs;Chakib
Remmerswaal;Renée
Mouthaan;Wahid
Boogers;Lesly
Elenbaas;Min
Landzaat;Roxane
Haaksman;Rudo
van Eijk;Divera
Holierhoek;Santiago
van Dun;Zakaria
van Zelm;Rinze
Haaring;Preston
van Luijn;Sıla
Nuij;Saïd
Snelleman;Barthelomeus
Noordhof;Menthe
Vossebeld;Eeke
Groenen;Carianne
Poos;Abdeslam
Noor;Vesna
op 't Hof;Mahmoud
van de Graaf;Anno
Dekkers;Ebrahim
van de Langenberg;Alpay
Machielsen;Adriaan
Zegveld;Nila
Smid;Joos
den Boef;Manoe
Dongelmans;Fabrizio
Gudde;Moad
de Roij;Hamza
van den Anker;Koray
van Mechelen;Maxim
Noppert;Kady
Wopereis;Moustapha
Hofland;Iris
van de Loo;Liam
Dommerholt;Manfred
Rabelink;Charléne
Lange;Lakshmi
de Kuijer;Hillechien
Visser;Louk
van Grol;Tyra
Weekers;Sonia
Kortekaas;Nordin
van Daelen;Anabel
Knoben;Natalija
van Bentum;Nard
Staals;Hedy
Jasper;Idil
Bertens;Yente
Michels;Wijbe
Bots;Rabia
Bulsink;Tyler
Hassing;Clara
Padberg;Jard
Mohr;Chi
Bolte;Djuri
Boekhorst;D'Angelo
Worst;Hanke
van Grol;Yuri
Kramers;Li
Rosema;Patrice
van Nieuwkerk;Micky
Webbink;Madelyn
Duijndam;Souhayla
Loohuis;Yoran
van de Ridder;Sebastiaan
Keijer;Melany
Peeters;Odette
Kooijmans;Cathelijn
Ligtenberg;Idske
Reijns;Anne-Mieke
Arents;Deejay
van de Wijdeven;Najat
Sabajo;Manuela
Lokker;Nikolaos
Willemstein;Betty
Boekholt;Nickey
Roukema;Zenna
Bunt;Lika
Bleij;Michella
Raemaekers;Nol
Pet;Reintje
Matthijsse;Abdelmalek
Peerboom;Marein
Fontaine;Jeltsje
Hofmeijer;Sabrine
van Deuveren;Tugba
Koole;Dimphina
Teuben;Vladimir
Bon;Bilal
Luijten;Almina
van Impelen;Dita
Meulenbroeks;Figen
Nienhuis;Tariq
Hoveling;Bernou
van den Beld;Skander
Joustra;Egbertus
Hof;Chinook
Reijmer;Emmily
Lokhorst;Fatema
Huberts;Nasir
van der Land;Inés
Braas;Luka
Boele;Jamie-Lee
de Leede;Ferron
Vlemmix;Madelyn
de Wijn;Ritesh
Sleegers;Doron
Bongaerts;Jaïr
Engels;Acelya
Kriesels;Shauna
Arrindell;Corneel
Joseph;Ebu
Elders;Marnick
Kroes;Diyar
Scholtz;Hermina
Huitink;Tamimount
van Zandwijk;Sasja
Vianen;Büsra
Reith;Sergei
de Koeijer;Marlyn
Kruijs;Kian
Bremmer;Mayron
Smeenk;Orpheo
Weidema;Leuntje
Boerlage;Kaitlin
Bessems;Seçil
van Sinderen;Willibrordus
Rosier;Cenk
van der Hoef;Derrick
Elst;Hilal
Helmers;Annemarieke
Rengers;Shi
Hoven;Geert
Mombarg;Zarife
Vogelaar;Touria
Kampman;Dido
Broerse;Marlotte
Helms;Alexandra
Aden;Sue
Clarijs;Abdellatif
Loeff;Leonhard
van Hilst;Molly
de Jong;Rahel
Kasper;Rembrandt
Bender;Aytaç
van Vroonhoven;Han
Ooteman;Nataša
Meulenberg;Cuma
Schulz;Shaun
Nagel;Clint
Soetendaal;Fatiha
Leffers;Reini
Duin;Milano
Eijgenraam;Danisha
Fokker;Kyara
Berkvens;Jessa
Leerdam;Jiske
Klinkenberg;Georg
Hoogendijk;Cathleen
Vranken;Charise
Vellinga;Eyüp
Feld;Robin
Houtveen;Wilhelmina
Lindelauf;Rutger
Rengers;Andrei
Williams;Serife
Alting;Britta
van der Vooren;Rinus
Smeekes;Mirza
Hermans;Avni
Broer;Taede
Zoontjens;Dayenne
Koene;Lin
Pfaff;Abdeslam
van der Pal;Radhika
Holtjer;Gerarda
IJzermans;Fabian
Oranje;Aisa
Karaca;Birgitte
de Wolf;Keith
Leeuwenburgh;Rahima
van der Molen;Tymen
Plompen;Hayat
Volders;Daryl
Westphal;Omayra
Uithol;Dale
Overbeek;Kaltoum
Rombout;Zonne
Horstink;Yin
Pustjens;Saranda
Mets;Soulaïman
Scholtens;Ediz
van Aken;Sefa
van den Kieboom;Dorenda
Bleijenberg;Ashvin
Slofstra;Rosalyn
Reimert;Juultje
van Sambeek;Vildan
Hengeveld;Jorgo
Louwe;Marloes
Geuze;Sannah
van der Aalst;Karoline
Oosting;Guido
Tilstra;Thirza
Kwant;Minouche
Verschure;Ritish
Baltussen;Rokus
van der Wijk;Wissam
van Goch;Chanell
Schutrups;Gregory
Manschot;Shalini
Raven;Moos
Rodrigues;Mickel
van Stuijvenberg;Vincent
Akpinar;Belma
Lenaerts;Joyca
Ramos;Gezina
Noordanus;Yeliz
Viveen;Charleen
Titulaer;Djoey
Hofmeester;Annelore
Velzeboer;Jenifer
van der Veldt;Başak
Jeurissen;Silver
de Deugd;Gönül
Kronenburg;Charmayne
Karst;Zayd
Eggen;Elvan
Agterberg;Engin
Leen;Hazar
Verweijen;Jeroen
Noordman;Akke
Schaaphok;Carsten
Oudijk;Wilco
Veneberg;Savannah
van den Tempel;Jeppe
Brugmans;Maarten
van Noppen;Margo
Kievits;Caroliene
Haitsma;Quinte
Muskens;Nila
Kist;Hakima
Westra;Jesse
Sint Jago;Myrna
Ootes;Charmayne
Clarijs;Ceciel
Henning;Lizzy
Chu;İlknur
van Gogh;Inger
Timmerman;Dieke
Bruggink;Sangeeta
Wiegmans;Amaya
Hoiting;Mikhail
Dobbelaar;Berry
Middelkoop;Yentle
Schipperen;Aymane
Boneschansker;Berke
van Schendel;Reineke
Aalbers;Dikra
Kruik;Necati
Potze;Toni
Guijt;Kezban
Beekers;Virgill
Ellens;Janet
Hoogstrate;Jamie
van Zee;Evangeline
van Klink;Aisa
Jongstra;Eleanora
Meijnen;Fulco
Dekker;Barış
Leerentveld;Ouassima
Suijker;Veronica
Rens;Tatum
Buurman;Ivon
Zeinstra;Nuria
Boels;Nergiz
Salemink;Anwar
Tol;Brando
Gaal;Rashmi
Bonte;Zohra
van Emden;Leonora
van Eerden;Derk-Jan
van de Westelaken;Maximillian
Valk;Erol
Bhagwandin;Branco
Nieuwenhuijs;Marian
Trompetter;Jobje
Rigters;Driesje
Hagendijk;Yi
Hanegraaf;Euphemia
van Poelgeest;Wiggert
Toonen;Louk
Putman;Anjuli
Hagoort;Ido
Sipkema;Whitney
van Oudheusden;Lieselot
Witting;Edwinus
Duijzer;Jop
Pranger;Atze
Steijaert;Jo-ann
Ossewaarde;Lucius
Mussche;Barış
van Zijl;Jeron
van Hugten;Noëmi
Kats;Noraly
Huisman;Pernille
Tolboom;Dora
Pul;Lucette
Doeleman;Quin
van Vloten;Felien
Dirkx;Tycho
van Gasteren;Beatriz
Loonen;Geerke
van Nuil;Dolores
Schulten;Kaily
Vroege;Frenk
Hondebrink;Kiona
van der Salm;Misha
Steensma;Yari
van der Hout;Greg
Keunen;Jakobus
Bosschaart;Shareen
Rook;Aliya
Blansjaar;Bjarn
Raes;Erin
Bruijnes;Bill
Jas;Mira
de Looze;Liona
Davelaar;Tineke
Potze;Hacer
Werleman;Gerlof
Jol;Saagar
van Wakeren;Nura
Richters;Amaal
Slagter;Efraïm
Klompmaker;Anne
Peters;Mazen
van Cruchten;Imran
de Hoogh;Selman
Brink;Fadoua
Rouwenhorst;Özgül
Roozendaal;Berit
van Zelm;Gökçe
van Helvert;Dila
Brasser;Kane
de Wal;Annet
Spekman;Samsam
Wijngaards;Jaël
Bootsman;Sherwin
Vlak;Tjalle
van der Kallen;Giancarlo
Schermer;Yassmina
Hendriks;Willie
van der Berg;Doreen
van Eeden;Nander
Hilbrands;Sybrand
van der Plas;Selcuk
Winkler;Kajol
Holst;Merijn
Heusschen;Elvin
Pluijm;Tromp
van Geel;Pieter
Çiçek;Smaïl
Badloe;Bruno
Huiberts;Mientje
Woord;Saïd
Hulscher;Loena
de Baar;Dani
Knape;Venice
Ruiten;Edson
Langkamp;Loeki
Cobben;Nicky
Hogenberg;Deniz
Buijze;Jeanet
van der Land;Nerena
van Elteren;Habib
Schellens;Aran
Beunder;Cansu
Melsen;Noëmi
Dirven;Fee
Barendrecht;Yannis
Ooijevaar;Ashvin
Leijser;Franck
Lejeune;Aaldert
Franck;Onne
van Rhijn;Aurélie
Andrea;Saagar
Wesseling;Bodi
Ceelen;Ouissam
Herder;Sergej
Arentsen;Driss
van Hedel;Blanca
van Zundert;Lennon
Zagers;Abbygail
Eenink;Hinderikus
Öztürk;Ayyoub
Hunneman;Yiğit
Weenink;Fadma
Minten;Roselinde
Verhoek;Julienne
Koelemeijer;Jowi
Robbertsen;Debby
Hofstra;Hediye
Dieker;Beyoncé
Overtoom;Nannette
Rottier;Shannah
van Bekkum;Nikos
Bezuijen;Sonam
Houwaart;Maxine
Lahaye;Anuska
van Gameren;Ans
van Beuningen;Maiky
Kuperus;Abdelhafid
Kinds;Delana
Rouw;Solane
Klop;Joris
Wierenga;Carlina
Lathouwers;Dora
Joppe;Sedat
Kasper;Shanaya
Kuyper;Robi
Hilgers;Michele
Kersbergen;Valentin
Slof;Charly
Kaddouri;Jasmine
Topal;Mees
van Oers;Siham
Damstra;Sophie
van Lavieren;Joëlla
de Koeijer;Yorben
Hammer;Melle
Reith;Sandeep
van Esveld;Janelle
Potter;Petrus
Eveleens;Rida
Kuijs;Mimount
Bons;Romaisa
Lugthart;Bailey
Dalstra;Şenay
Bosker;Yavuz
Steentjes;Jada
Hokke;Marcello
Spitters;Cihad
de Bree;Toufik
Wijkstra;Adrian
van Weeghel;Agnetha
van Aalderen;Shady
Hegeman;Leuntje
Steenbeek;Steyn
Koens;Michela
Lokerse;Denice
Uljee;Ritish
Goedegebuur;Nusret
Tuithof;Mexx
Zeilstra;Iddo
Fransen;Arianne
Donselaar;Jeannet
de Kleijn;Desley
Halman;Aïda
Berkelmans;Catarina
Degen;Lore
Huber;Aisa
van der Weg;Jamy
Gordijn;Marcella
Nieuwenhuize;Nail
Sipma;Melody
Baggen;Leonora
Tjepkema;Étienne
Drenthen;Yaël
Ravenhorst;Gizem
Bast;Lolke
Ellen;Wiebren
Windster;Solmaz
van Zuilen;Syed
van Zwieten;Nelson
Visser;Jülide
Lentink;Cornelis
de Gouw;Adnane
van der Sommen;Syreeta
Saalmink;Kylian
van Hees;Kimberley
Tholen;Tomer
van Leusen;Stefanos
Buikema;Feija
Steltenpool;Izaak
Broeders;Sabrien
Kengen;Chinouk
Farah;Ertugrul
van Elderen;Rosanne
van Iterson;Perihan
Steen;Marrit
Wijdenes;Prisilla
Geerligs;Magali
Yigit;Ynske
Kaddouri;Figo
Filippo;Shay
van Klompenburg;Bonne
de Graauw;Nella
van Heiningen;Krystel
Vijn;Haroen
Govers;Freddy
Blanker;Aloys
van Vianen;Deena
Dorenbos;Chavez
Berkel;Tim
Duran;Klaasjan
van der Staaij;Celesta
Sabel;Emre
van Holten;Kerem
in 't Veen;Luana
Hanoeman;Nevil
Schins;Jory
Sikkema;Imko
Roelands;Han
ter Stege;Chung
Geerligs;Dayna
Pauli;Mannus
van Elderen;Seyma
Verstraaten;Rayan
Mollen;Rimke
van Ling;Wietse
Poot;Roseanne
Burghout;Jessamy
Suiker;Rashied
Sambo;Jevon
Gerritzen;Olmo
Geelen;Mazen
Mathijsen;Nazmiye
Bossenbroek;Al
van der Moolen;Ashish
Hendricks;Şule
Moree;Dorette
Harlaar;Jori
van der Tak;Halil
Gabriels;Mariël
van den Eertwegh;Syl
Boxman;Elvan
Vork;Dylan
Bloemsma;Mika
van Hest;M'hamed
Koller;Leilani
Rietman;Jany
Pieter;Isa
Koeiman;Danique
den Breejen;Soma
Gertsen;Nicoline
Lucas;Jenifer
Mozes;Anish
Schaar;Steije
Koppers;Hiu
Torn;Georgio
van den Bor;Elton
van Sinderen;Roelof
Hoorn;Jafeth
Geurts;Beitske
de Vor;Emelia
Ruitenberg;Dennie
Slinger;Zeliha
Hartkamp;Zef
Nieuwboer;Steef
Strating;Bartholomeus
van der Rest;Otmar
Pinas;Sweder
Ellis;Laure
Bouwmeester;Yacintha
Hietkamp;Esin
Loots;Carmela
van der Cruijsen;Sean
Sanchez;Tamimount
Brongers;Yorn
Wondergem;Jor
de Ligt;Anne-Marie
Daalder;Yeşim
Dudok;Aysenur
Swart;Chloé
Marchena;Millie
Wijma;Jing
van der Stroom;Gerritdina
van den Hoogen;Marcelis
Rijken;Cheng
Klaassen;Sahila
Dragt;Wick
Deckers;Amine
Boedhoe;Hilke
Kuipers;Jolien
Langenbach;Anuschka
van Hall;Noé
Bakels;Toufik
Engelhart;Trientje
Scheppink;Shadi
Slooten;Luigino
Heideman;Kurt
Pasmans;Anya
Burger;Mac
Reuser;Silje
Spies;Bo
van Oostveen;Fransisca
van Heesch;Zafer
Pothof;Billie
Snel;Leona
Boomkamp;Hoang
Wienk;Sam
den Os;Gülçin
Christ;Aruna
Meppelink;Gordon
Sipkema;Olle
Stadhouders;Kjeld
van Hamersveld;Zoubida
Touw;Mohamad
Bangma;Niyazi
Burggraaf;Serdal
Swiers;Jorin
Baaten;Dorinde
Agricola;Rinesh
Kwant;Tugba
Slag;Birol
Planting;Iggy
Jongste;Juno
Gabriëls;Al
Zegveld;Gian
Louw;Catrinus
Veugen;Cihan
Gommans;Tina
Hessels;Harke
ten Dam;Vigo
Roelofsen;Fernando
Schouwenburg;Janie
van Lagen;Chislaine
Roels;Naomie
Leppink;Sjieuwke
Joppe;Fiep
Reijns;Guust
Roerdink;Cherrelle
Rooze;Dušan
Tange;Reece
de Kok;Semmy
van Veggel;Ivette
Slots;Maira
Verburgh;Welmoed
Verharen;Emelie
Zwolle;Jeanine
Velders;Reno
Schout;Jikke
Schat;Birgitta
Alphenaar;Edmond
Groot Wassink;Wendy
Becks;Sandhia
Roijakkers;Joy
van de Watering;Sanny
van IJperen;Nitin
Möller;Erika
ten Klooster;Fieke
van der Stap;Jobje
Smith;Ninah
van der Bijl;Titus
Jongerden;Fabienne
Nijhoff;Ashly
Schilder;Louella
Özkan;Rudy
van Verseveld;Janna
Bouwman;Kaz
van de Kreeke;Mika
Heessels;Tabe
Kloosterboer;Tijn
Ramadhin;Andreas
Droog;Elbertha
Koomen;Josse
van der Stap;Lora
Verhallen;Sarah
Hattink;Cliff
van der Klooster;Sharmayne
Lenferink;Dayna
Vlietstra;Guido
Veugelers;Mine
Petersen;Marisol
Endeman;Gaby
Stegink;Noureddine
Baert;Siete
Bleumink;Ravindra
Opstal;Zhané
Bakkeren;Laurence
Dijkers;Shadi
Averesch;Alper
Berkvens;Luan
Rus;Tanja
Bleijenberg;Storm
Langbroek;Jackson
van de Berg;Aytaç
Bol;Gülşah
Boeren;Thera
Meere;Eduardus
Brussé;Alma
Emmens;Sheryl
Haverkort;Jeany
Koldenhof;Mehtap
Timmers;Misja
Veijer;Léroy
George;Rozanne
Steevens;Nicki
Zuidhof;Thuy
Eefting;Maks
van Cuijk;Ries
van Asperen;Diewertje
Beeftink;Marin
Bukkems;Bünyamin
Sital;Evertje
van Zoeren;Shima
Ngo;Marlijne
Driessens;Bruce
Baarslag;Emiliano
Jansens;Nout
Smorenburg;Dawid
Snoeren;Josia
Kruijswijk;Malin
Beaumont;Chris
Busman;Jannette
Kuppens;Geert
Kupers;Simeon
Wijnen;Oguzhan
Stegenga;Art
Mels;Ajdin
de Grijs;Willianne
Stienen;Maika
Limmen;Rishi
Fraanje;Alberta
Adriaansen;Roëlle
van Woensel;Evelijn
Sonneveld;Liselotte
van der Burgt;Yvet
Aartman;Intissar
van Malsen;Miles
Mohamed;Melroy
van Stee;Frederique
Bruijns;Boet
Wildenberg;Aurelia
Nijssen;Hendrikje
Scholtes;Wiepkje
Oving;Charmayne
van Nieuwenhoven;Jorben
van den Berkmortel;Hieronymus
Starmans;Gilles
Palm;Esengül
Moons;Angela
Geelen;Rajiv
Goosens;Steffen
van Luijn;Sharissa
Florijn;Sharmaine
Geerlings;Aernout
Dijkstra;Rianda
Saarloos;Walther
Dobber;Majdouline
Eilander;Tess
Ranzijn;Davud
Luijendijk;Ryanne
Özcan;Anne-Louise
van Riemsdijk;Devin
Fischer;Stephano
Wille;Rogér
Simon;Lincy
Plas;Chico
Putman;Raoel
Bast;Christelle
Jongerden;Rineke
Sellis;Gilles
Pereboom;Kader
Ali;Gwendolyne
Bastiaanssen;Abdirizak
Steverink;Kaspar
Westerdijk;Resi
Lek;Dani
Sterk;Nygel
Aksoy;André
Scholte;Jauke
van der Looij;Rafi
Meerts;Roseanne
Doornekamp;Marien
El Amrani;Deena
van Duijnhoven;Gerjan
Hollestelle;Gilles
Aaldering;Cian
Binnendijk;Nilesh
Hobo;Nanouk
Baartmans;Claudette
Rood;Rigtje
Ederveen;Lolkje
Holtman;Ka
Bulthuis;Chenna
Olsthoorn;Huiberdina
Geurtsen;Wai
Quik;Roseanne
Cijntje;Daoud
van Kleij;Liv
Verlinde;Ringo
Ramkhelawan;Sharon
Rodermond;Derya
Nagelhout;Ziggy
Koene;Ilias
Bredewold;Bradly
Profijt;Jenairo
van Hoeven;Zayd
Potter;Ousama
van Lith;Marthe
Korthout;Joshi
Booij;Maida
Maatje;Karam
Reuver;Lotfi
van Hest;Rutmer
Antens;Bryan
Verwijmeren;Jeanny
Teulings;Jimi
Lammens;Dominicus
Aelmans;Van
van Neerbos;Ridge
Sas;Hani
Verkuijlen;Zaza
Hupkes;Tuğrul
Huitink;Mylan
Schins;Imelda
Bussink;Touria
van der Nat;Douha
Adams;Christianne
Loonstra;Rudmer
van Zijtveld;Ashwan
van Lienden;Lieuwkje
Nillesen;Rikkert
Varwijk;Theodorus
Baaij;Safouan
Verloop;Ashkan
van Lopik;Sydney
Chedi;Gianni
Netten;Ruurd
Zwier;Hayri
Schalks;Sikko
Donker;Olmo
Luik;Josse
Heideman;Mücahid
van Erve;Eleonoor
Hubers;Ischa
Brabander;Kwabena
Droste;Jonas
Balvers;Lai
van 't Veld;Dhiraj
Godschalk;Pieter
Numan;Daniëla
Linthorst;Cherrelle
Tang;Mary-Ann
Kuijvenhoven;Roelofje
Tuinman;Deacon
Raja;Suradj
Gaasbeek;Greetje
Pastoor;Caecilia
Corporaal;Harmanna
Westerduin;Zohair
Bas;Louis
Hellenbrand;Jasmijn
Wong;Annebeth
Prinsen;Stientje
Kleppe;Romina
Schievink;Giancarlo
Butt;Sharissa
van Bers;Serina
Flantua;Ouafa
Verduin;Somia
van der Meijs;Ilyas
Overduin;Elbert
Schoutens;Bibian
Welink;Edmée
van Stralen;Dascha
Walhout;Oleg
Ran;Hesther
Heuver;Dyonne
Yücel;Kendrick
Eichelsheim;Mels
Wesselink;Nica
Çakmak;Wafae
van Groesen;Rinesh
Pot;Debora
Piels;Janne
Brummelman;Serkan
van Tol;Tarkan
Franssen;Wilmar
Akdeniz;Josefine
Dros;Imme
van der Venne;Allegonda
van Uden;Thije
Hommel;Hayley
Suurd;Otto
Schrader;Enna
Kuperus;Remko
Brookman;Nona
Hooijmans;Brandon
van der Gaag;Herma
Boesveld;Valentijn
Duin;Sanjay
Waalkens;Hanan
Poel;Wijnand
Davidse;Johannes
Taekema;Arief
van der Kaaij;Tjitte
Versnel;Tanja
van den Elshout;Thalita
Rijkhoff;Neline
van Roekel;Katelijn
Moerkerk;Fahri
Angenent;Hermien
Achten;Lyon
Krijger;Robbert
Sikma;Tein
Chotoe;Juli
van Nieuwkerk;Tjipke
Kanis;Danique
Vredeveld;Keziah
Corstjens;Mehdi
List;Anna
Meulenbelt;Diëgo
Woning;Fenny
van de Wardt;Torben
Leemburg;Gijsberta
Snoeij;Hisham
Vermond;Loyd
Jobse;Rui
van Wiggen;Ramzi
Kwarten;Boutaina
Heuveling;Pedro
Vlaanderen;Steffanie
Braakman;Ethem
Selles;Phaedra
van der Schoot;Jeska
Luik;Mas
van der Wilt;Majida
Juffer;Wester
Knippels;Gian
Kaya;Marleen
Jongman;Destina
Bok;Cato
Kwakman;Shiva
Visker;Femia
Roeffen;Vince
van Leuken;Thimon
Göbbels;Jolien
Mosterd;Aldin
van der Zouwen;Florian
Tielemans;Gordon
van Pelt;Rümeysa
Schepers;Karoline
Ansems;Aarnout
Jasper;Ülkü
Jairam;Jasmien
van den Kieboom;Rutmer
Pluijm;Arjan
Overeem;Simge
van der Vlag;Wouterina
Bartholomeus;Dineke
van der Schee;Jemima
Duran;Naveen
Kwakkel;Hilco
Wels;Fransina
Arens;Rayane
Kuilboer;Reginald
Huijts;Fransiscus
van Dijck;Evan
Masselink;Avni
Flokstra;Corinda
Borgers;Philippus
van der Weiden;Jelisa
Drost;Stevie
Kolkman;Madelène
Doggen;Bonne
Both;Eske
Hazenoot;Femme
Ganpat;Ayan
Migchels;Yeliz
van Zuilekom;Mik
van der Putten;Jelte
Veeke;Glen
Wortman;Ayten
Ye;Yanniek
Kole;Anthonie
van der Sangen;Lev
Toet;Alinda
van Winkel;Jovanny
Luiting;Samra
Knot;Boet
Floor;Lema
Snepvangers;Duuk
Rolvink;Boye
de Roij;Nazli
van de Kleut;Lexi
Aukes;Neville
Schoenaker;Jorijn
Dost;Moniek
Schellens;Jurrian
Maartens;Marsha
Kanhai;Hillegonda
Holster;Aaldert
Elenbaas;Chaïma
Bouwmeester;Anno
Aarssen;Lilianne
Mellema;Asiya
van Bladel;Jody
Schmitz;Bryan
van der Giesen;Gaby
Coops;Lionel
Bijnen;Fouzia
Baartman;Amalia
Meinsma;Saar
Arkema;Bernardina
van Griensven;Marthijs
Kamps;Jocelyne
Cameron;Roel
Koenen;Marjelle
Klein Nagelvoort;Lonneke
Leerdam;Jenairo
Minderhoud;Charline
Farla;Soulaiman
Raemaekers;Wilhelm
Heijne;Rudy
van IJperen;Adelheid
Kunnen;Taylan
Stol;Polly
Kerkstra;Harmjan
Hoedjes;Nazan
Kap;Sultan
Andela;Didi
Zoet;Annemie
Elshout;Michell
Damman;Linsy
de Hart;Louwrens
Schouwenaars;Allon
Tuin;Armand
Schoofs;Tessy
Vreeken;Genesis
Buitelaar;Wilke
Leeuwenburg;Sahin
Dijksman;Josias
van der Zaag;Fuad
Yilmaz;Holger
Boerman;Marlouk
Stobbe;Hanne
Linker;Sanneke
van Teijlingen;Lonneke
Bontekoe;Jamilla
Reijs;Juliënne
van der Klis;Abdulkerim
van Dinther;Nuriye
Beernink;Conrad
Vroegh;Xin
Uil;Malin
van Ansem;Jenna
Klamer;Melina
van Dijk;Esad
Scheepens;Mia
Geerdink;Declan
van de Vossenberg;Shaun
Kreuk;Tahnee
Wijngaard;Donnie
Grootfaam;Jordan
van Duijvenbode;Rein
van Vijfeijken;Samyra
Koolhaas;Mustapha
van den Dungen;Shiwani
Schalken;Gian
van Ekeren;Saida
Nolet;Lizelotte
van den Anker;Yoram
Okken;Aida
Potters;Jane
Bonke;Cis
Stapel;Driek
Bassa;Sunny
Cardinaal;Mylene
Hilberink;Irmak
van der Hijden;Anthony
van Zwienen;Wafa
Dreessen;Elvira
de Feijter;Roshan
Reints;Ruveyda
van Haagen;Rieuwert
Metten;Sonam
Oude Vrielink;Amal
Goeree;Declan
Stegink;Thaïsa
Schildmeijer;Juul
Cuypers;Patrique
Pigmans;Rolinka
Rozeboom;Darwin
van Woezik;Serhan
de Wagt;Guiliano
Bek;Albina
Wammes;Sabrien
Verhulst;Milan
Bruns;Resa
Ekici;Songul
de Pagter;Hugo
Hoogeboom;Thim
van Ee;Bor
Mutlu;Take
Melchers;Janienke
Nieuwenhuizen;Teunie
Klabbers;Taede
Hornstra;Cigdem
van der Rest;Tije
van der Hooft;Ikram
Visscher;Jetze
Vijfvinkel;Ramiro
van der Vlag;Inga
Fokkink;Daniëlla
Aalders;Vidar
Schram;Madée
Tak;Merwin
van Emst;Cengiz
de Pree;Mex
Hooijer;Georges
Dirkzwager;Cafer
van Mourik;Lamberdina
van der Veer;Priscillia
Meulenbelt;Berjan
te Hennepe;Nikola
Duijts;Joery
Boessenkool;Geoffrey
Siebers;Kaily
Rol;Adil
Schulpen;Jona
de Groen;Ariëtte
Twisk;Eduard
van der Boor;Luciënne
Groot Wassink;Ate
Olijslager;Anthonius
Plug;Prince
van Elst;Jacco
Penning;Djoeke
Vink;Lema
Voorbij;Anela
Melis;Marlijne
Ponsteen;Ole
van de Zande;Metin
Engelaar;Harma
Hoogeveen;Styn
Zandstra;Teunisje
Denkers;Emmie
Schoemaker;Geeta
Loohuis;Gertrudis
van Hameren;Paris
Elzenga;Dingena
van der Bend;Carli
Geertman;Mel
van Peer;Yan
Bak;Marcella
Mandemaker;Khadya
van Zweden;Regillio
Gouda;Johannus
Verhaar;Arnout
Meter;Reda
Hak;Farid
van Maurik;Dennes
Steenbakker;Annabel
Duiveman;Tubâ
Katerberg;Jard
Hoogenboom;Wiebren
van den Berghe;Frida
Bax;Vishaal
Barelds;Destina
Klein Gunnewiek;Pieter-Jan
van Zeeland;Nout
Olsthoorn;Yusra
van Erve;Lynsey
Verspuij;Betül
van Loenen;Wouterus
Kip;Ineke
Colijn;Mounia
Ammerlaan;Boas
Aksu;Türkan
Weeda;Mèlanie
van Nieuwland;Charley
Peeters;Nanna
Kok;Engelina
Fleming;Rima
Hoornweg;Chamilla
van den Hul;Matijs
Vruggink;Damla
Verbaan;Elise
Smidt;Jellie
van Noppen;Heather
Rem;Werner
Rooijakkers;Céleste
Dries;Arjanne
Zitter;Yuri
van Gog;Funda
Roozeboom;Hajar
Bevelander;Maria
van Osch;Tansu
van Zee;Julia
Pels;Nellie
Ouwersloot;Bertus
Bloemberg;Etiènne
Houtsma;Gretha
Rave;Jaring
Keurntjes;Raja
Kwee;Friedrich
Benedictus;Renatus
van Raaij;Gaia
van Beijnum;Natascha
Doran;Jolyn
Boersma;Mayon
Boxem;Melle
Alkemade;Olga
Wijntjes;Birgitte
Reerink;Remziye
Luijt;Gerjan
Freeke;Fanny
van der Steen;Madeleine
Schenkeveld;Josanne
Waterlander;Fayçal
Acar;Marissa
Blok;Roxy
Meijerink;Mirela
Swartjes;Jeremy
Hagen;Nic
van Ravenzwaaij;Doğukan
Leemburg;Rima
Arling;Esmeray
van der Kroft;Laurentia
van Ruler;Lennaert
Straub;Oliver
Mons;Nisa
van Nuenen;Cynthia
van den Dobbelsteen;Ilja
Chow;Amos
Doppenberg;Yoshi
Spoor;Kelley
Marissen;Dewika
Luth;Yassine
Kerseboom;Marcelino
Gooren;Felicity
Snip;Tisha
Francisca;Ids
Dogge;Orin
Moolenaar;Noë
van Stekelenburg;Birgitte
Stoffer;Egberdina
Noomen;Lionel
Rook;Kwint
Slettenhaar;Ümmühan
Banga;Erol
Kok;Godfried
van Loenen;Camille
Duijs;Brittany
Hein;Hadia
Nijhuis;Steef
Ederveen;Dagmar
Vergouwe;Reinder
van Hattum;Jisse
Stoelwinder;Ahlam
Coumans;Syb
Kiers;Zaki
van der Nat;Zhi
de Wolde;Angelo
Dirks;Chahrazad
van Iperen;Rahima
Boumans;Ciska
Wijnsma;Isak
Mens;Mikail
Huissen;Abdelali
Tacken;Alex
Vlasveld;Lein
Muijen;Önder
Nijenkamp;Piotr
Geutjes;Tonnie
Jongste;Kiara
Haringa;Justin
Snoei;Jelger
Lagerwerf;Nicola
Heinsius;Geerke
Knipping;Gülüzar
Straatman;Maikel
Hielkema;Dian
de Heus;Kaltoum
Meeuwissen;Handan
Zuurbier;Kenny
van Paassen;Niki
van der Weij;Rody
van Nimwegen;Bonne
Kelders;Alparslan
de Bruin;Jolyn
Berk;Sergi
van der Meiden;Cloé
Pranger;Miron
Menten;Jazzley
Holtman;Kirsty
van Dooren;Chabeli
Handgraaf;Salah
de Kreij;Esther
Tuijn;Lucca
Beumer;Gianny
Oosterhof;Ergin
Loonstra;Anass
Oost;Dakota
Smeitink;Willianne
Crama;Lissa
Tjoelker;Joek
Veenvliet;Ans
Holleman;Cunera
Teunis;Jeany
Lubbersen;Tymon
Mimpen;Basma
Spruijt;Maximiliaan
Nijenkamp;Linda
Busker;Alisia
Laverman;Lori
Tillemans;Nurcan
Ruijs;Francina
Arentsen;Jay
Vierhout;Leeroy
Slijpen;Sera
Hassink;Shanna
ten Broeke;Özgür
Burm;Hubertina
Diender;Gillis
de Bruijn;Angelien
Kouwenberg;Leco
Stoutjesdijk;Bettina
Houwen;Annetje
Philippen;Danaë
van de Bovenkamp;Didi
Santing;Urvin
Heres;Shakir
de Oude;Bernardus
Venrooij;Funs
de Joode;Soulaimane
Hultermans;Kenrick
Stroet;Ulrike
Altena;Willem
Traa;Mouaad
Wijnings;Veere
Dijcks;Juri
Jacobsen;Viet
Mossel;Vinod
Veerkamp;Deepak
Hekman;Ferris
Grinwis;Wouterina
Rougoor;Hasna
Kaandorp;Georg
Leidelmeijer;Tjarda
Helmus;Yee
Hijink;Maickel
Soetekouw;Dingena
Beijk;Jan-Paul
Dragstra;Fin
Marchena;Kyana
Jooren;Israe
Ouwersloot;Willy
ten Hoopen;Mattijn
Straten;Solana
Kuperus;Rieuwert
de Meij;Gwenda
Nederend;Leonora
Dane;Aisling
Dronkers;Chabeli
Bulk;Noel
Bolleboom;Kawita
van Lienden;Joliene
Eldering;Chevy
Bruns;Daryll
Arrindell;Peter-Jan
Jimmink;Alja
Maatkamp;Marelle
Wensink;Riekelt
Kreuger;Danja
Lagrand;Josha
Durieux;Hendrina
Munnik;Priscella
van Laerhoven;Demi
Douven;Jorn
Wingelaar;Maxime
Koppens;Xu
van Haaren;Özkan
van der Marel;Dylano
Teurlings;Paul
Kamst;Evelyne
Havekes;Timmo
Uijen;Alban
Lebens;Juli
van Hoesel;Oğuzhan
Veld;Maxime
Quartel;Silvian
Valkenburg;Kaya
Habets;Bettie
Ramdas;Oona
Hasselbaink;Sunaina
Bleij;Benji
Hertog;Winston
Hols;Maatje
van Ling;Armando
in den Bosch;Luc
Wiltenburg;Donatella
Hut;Bobbi
Ruijs;Noraly
Potter;Ethan
Rem;Ton
Bliekendaal;Sieb
Bouwhuis;Rinesh
Bach;Henderikus
Paardekooper;Nady
Hopmans;Flynn
Boomstra;Antony
Wesselius;Bernadine
Beijers;Caren
Juffermans;Shivani
de Niet;Ranya
van Hout;Micky
Meeuwisse;Stanley
Bergervoet;Boban
Tijhuis;Selin
Kromkamp;Gezinus
Broks;Rikke
Schlepers;Shayan
van Huet;Tjalle
van Elten;Aurélie
van de Bovenkamp;Phylicia
van Brummen;Tiamo
Simonse;Kris
Schellen;Cindel
Heijster;Selami
Gout;Matteo
Trompetter;Izzet
Veltrop;Imraan
van Hassel;Ary
Laagland;Nele
Helmes;Adjai
Wink;Evelyn
Gras;Wilmar
van Mook;Intissar
van Buul;Hayriye
van Oene;Giedo
Hulzebos;Shah
Wienk;Oona
van Arendonk;Vidya
Nieuwpoort;Gözde
Maarleveld;Marit
Verweijen;Faouzia
Hennink;Lottie
Slagmolen;Catarina
Verrips;Morrison
Mooibroek;Nouhaïla
van Heiningen;Roemer
van de Woestijne;Meyke
Jousma;Jalisa
van Erp;Marino
Lansink;Demian
Hooi;Gökçe
Leussink;Yorick
Hilbers;Florentijn
Arentsen;Jilly
Stal;Annelot
Jorritsma;Shayna
Naaktgeboren;Paola
Versprille;Macy
Schultz;Jolieke
Vromen;Sheena
Busschers;Elmar
Avci;Arentje
Nagel;Jurg
Chang;Tijs
van der Zalm;Ronan
Lagas;Arti
Arkenbout;Marlise
Schalkwijk;Redmar
Stuifzand;Irmgard
van den Assem;Cher
Slinger;Sylvano
van Oosterhout;Aiman
van Halen;Sarah
Oost;Romme
Batelaan;Nouaman
van Lierop;Jouke
van den Hombergh;Emre
van Zetten;Salim
de Veen;Jilke
Giebels;Arsen
Wingelaar;Rachael
Berenschot;Kishan
Westerbeek;Charisse
Pleiter;Louisa
Westerveld;Cihat
Leemans;Harold
Polat;Manuela
Worm;Tammo
Bardoel;Hamide
van Zandvoort;Shanaya
van Maaren;Bente
Wolters;Fiep
Kuijper;Dila
van Hedel;Marline
Matla;Fija
Laarman;Belinda
Wels;Davut
Sandifort;Giulia
Hoogendijk;Rian
Nijholt;Arendina
Verdam;Abdelali
van Wageningen;Ceylin
Wolsink;Mendy
Staats;Rivano
Krijgsman;Thimo
van Cranenbroek;Lijntje
Phan;Sjeel
van Schelven;Florine
Schoonheim;Charise
Vader;Faouzi
van Denderen;Norbertus
Bazelmans;Nevil
van Halteren;Leida
Sarikaya;Marc
Houwers;Jan-Willem
Schutten;Mostafa
Bremer;Sido
Scheper;Almar
van der Westen;Onno
Epema;Amela
Aukes;Marlies
Felter;Jolle
Besems;Rafael
Kossen;Janette
Vlieger;Adelina
Hartjes;Dick
Bongaerts;Cloé
Magielse;Marty
Brummel;Lenie
Slag;Tarik
Voorn;Abdinasir
Avci;Svea
Koene;Olav
Consten;Viviënne
Ribberink;Mareille
Provoost;Rosalina
Lem;Soufyan
Brandhorst;Geoffry
Meerman;Lune
Niessen;Saverio
Overkamp;Linsy
van Erk;Jannes
Stek;Troy
Kroot;Reintje
Veltman;Thalia
Koelman;Rhea
de Rover;Janienke
Chedi;Malon
Wijffels;Wing
Vervuurt;Loek
Louws;Sebastianus
Waterman;Corwin
van Neerbos;Cherique
El Amrani;Henderikus
Siebers;Timoteus
Hogenboom;Nino
van Dort;Bjarne
Kampman;Toni
Rijnberg;Filipe
Groenevelt;Tanita
Stronks;Yves
Zandvoort;Feija
Safi;Dilan
van Daelen;Freeke
Hoefnagel;Jaya
Marskamp;Luit
Haneveld;Desteney
Prudon;Stefanus
Manuputty;Wayne
van der Kaap;Rubén
Laurijssen;Silvano
Broekhuizen;Valéry
Keuter;Xena
Everaers;Duke
Leeuwestein;Richtje
Gremmen;Najim
Leenaars;Sherida
Tichelaar;Noel
Holwerda;Kavish
Vingerhoets;Nanny
Booi;Pasquale
Brouns;Soner
Okkema;Malik
Verloop;Muhammet
Compagner;Rens
Eijkhout;Sandhya
Hemmink;Kathleen
Oosterkamp;Esra
Waanders;Phylicia
de Werd;Barrie
Heijn;Amadou
van Praag;Fatmanur
van Rij;Anjana
Heinsius;Hilmi
Michielsen;Joël
Vermeer;Lorenza
Amir;Shirley
Schevers;Marinka
Kosters;Loïs
Schut;Joyca
Bijsterveld;Hanneke
Olieman;Rodny
Winder;Dayna
Koerts;Bessel
Weijers;Johan
van Bodegom;Tuna
de Krom;Navin
Schoofs;Soufiane
Biesmans;Shayenne
Bremmer;Liedeke
Limburg;Maritha
van Straaten;Issa
Schook;Radboud
Botman;Virgill
Buijsen;Raveena
van Neerven;Salem
de Ronde;Robrecht
Steenman;Ibrahim
Erdogan;Derk-Jan
van Gils;Geronimo
Schrijer;Mattie
den Herder;Suleman
Holterman;Brianne
van den Pol;Sjuul
Hoogerbrugge;Abdulahi
Schneiders;Ytje
Bach;Vahid
Dijkema;Nasser
Geels;Lute
Drummen;Iskander
Kluft;Boukje
Meijnen;Reyer
Arendsen;Annemoon
Fortes;Billie
Bergenhenegouwen;Sevgi
Hulst;Joury
van der Vlist;Devanté
Roeffen;Maryam
Matthijs;Allon
Lugtigheid;Libby
Risseeuw;Lienke
Bik;Hylkje
Donders;Damion
van Zweden;Ufuk
Fleuren;Paulo
Kanhai;Mohammad
Westerveld;Gamze
Raaijmakers;Dolly
Hendrickx;Riemer
Schoutens;Navid
van Geloven;Arwen
de Vegt;Jorit
van Zoest;Nicki
Mommersteeg;Yacintha
Holtslag;Isa
Jutte;Timmy
Zanders;Liv
Kuilder;Ellen
Lebbink;Nanke
Horst;Margaret
de Been;Kyro
van Damme;Foppe
Poel;Augustijn
Janga;Younes
Bekx;Siobhan
Klopstra;Dan
Bruins;Lean
Bastiaansen;Freerk
van den Boogert;Aurelia
Mijnen;Theun
Krikke;Annewil
van Halen;Carel
Jas;Lucky
van der Plaats;Fija
Poelen;Rozemarie
Herlaar;Asiya
Hartman;Chantal
van Tussenbroek;Mehtap
Fleuren;Rewien
Schuitemaker;Leon
Piket;Désiré
van Loenen;Giulia
Korff;Amber
Storm;Madieke
de Ron;Sjuul
Rouwhorst;Clarissa
van Ouwerkerk;Oualid
Glorie;Alannah
Wubben;Aiman
Sijbesma;Fulya
van Meerendonk;Florentius
Leenstra;Steffi
Voorbij;Kaleb
van der Walle;Fatine
Rijvers;Emeline
Bijl;Naciye
Oosterbaan;Nori
van de Berg;Peggy
Salman;Lennard
Stuut;Wulfert
Leeman;Abdelaziz
Korpershoek;Lucius
Pardoel;Dave
Jongbloed;Youssra
van Lamoen;Melik
Passchier;Bonnie
van Dinter;Vivienne
Wielaard;Armen
Handgraaf;Sjimmie
Verhees;Hamdi
Ros;Florus
van Klink;Norbert
de Jongste;Afke
Nieboer;Delphine
Ibrahimi;Mahmud
Vingerhoets;Cody
Lentz;Atilla
Kors;Ryanne
Grijpma;Raveena
Brock;Milko
Albayrak;Majorie
Hulshoff;Matts
Kingma;Maroucha
Denekamp;Django
Haaksema;Tooske
Walta;Morena
Muis;Rim
Aalberts;Carissa
de Schepper;Sohaib
Nijboer;Milika
Bouma;Joppe
de Vree;Luca
Mink;Erick
Mientjes;Pavan
van Deursen;Boaz
Elfring;Sanjin
Goosens;Onne
Grijpstra;Zena
Rosendahl;Barbara
van der Moolen;Wen
Brandt;Erinn
Brookhuis;Mirte
Plasman;Lando
Koebrugge;Lucía
Ippel;Frits
van Seters;Kenley
van Gend;Bashir
Withaar;Janelle
Mussche;Teddy
Vermulst;Anjana
Abbring;Misja
Kaag;Nazanin
Oussoren;Egbertus
Jasper;Hilligje
Entjes;Samya
Elfring;Fırat
Osinga;Serdal
Antonides;Yavuz
Wortman;Arvid
Wesseling;Sebastianus
van Groeningen;Richtje
Murre;Mathieu
Vreeling;Nikhil
Besemer;Umut
Kolman;Symon
Groenenboom;Gökay
van Montfoort;Barteld
Koomen;Desney
van den Herik;Juninho
Holleman;Franco
Kitzen;Reini
Blik;Mattijs
Moesker;Janno
Jamin;Tessel
van Antwerpen;Albin
van Vught;Matijs
Logtenberg;Anneleen
van der Maarel;Phyllis
Stuij;Nikki
Alberda;Demy
Arkema;Cornelia
Versprille;Lotte
van der Giessen;Rijkje
Schol;Mylan
van Herten;Chiron
van Ieperen;Marie-Claire
Hofmeester;Faizel
Moerland;Frederik
Pol;Benedict
van Puijenbroek;Diyar
Kamerling;Ferron
van Rooden;Erdem
Wennekes;Dingenus
Schuurbiers;Ritesh
van Helden;Salim
Rust;Yazid
Krommenhoek;Hanifa
van Gompel;Soukaina
Hooi;Talisha
Witkamp;Rose
Zagers;Kaya
Sluijk;Mounaim
Weller;Anica
Dorgelo;Ize
Verwer;Maroua
van Opzeeland;Evert-Jan
van Wolferen;Yagmur
Zuiderwijk;Aissa
Berenschot;Mikael
Plet;Ylva
Martin;Kazimir
Rikken;Sharen
Quak;Sammie
Eijkemans;Savannah
Luesink;Ersin
van der Mei;Hinderkien
Opperman;Adela
Coopmans;Anika
Teurlings;Noelia
Joosen;Rosalie
van Zutphen;Jeska
Varwijk;Rensje
Burgers;Udo
Widdershoven;Amna
Verkaik;Sherwin
Augustijn;Ezra
van den Hooven;Valery
van der Wijk;Sijgje
Schoolderman;Wiepke
Feij;Nandi
van Happen;Everhard
van Hoorn;Hassan
Langenkamp;Lionel
Grootfaam;Levinus
Daemen;Khallil
Huber;Osama
Kroos;Beau
Pijnenburg;Amerik
Koenraadt;Rixt
Robijn;Alexandros
Didden;Fianne
Hidding;Lammie
Abbas;Mirella
Kalshoven;Wilmar
van Damme;Cristiano
Zwijnenburg;Dick
Koers;Engin
Horst;Alkan
Maaswinkel;Hajar
Consten;Dilâra
Licht;Marlie
Satter;Ming
Spelt;Kalina
van Bree;Bibiche
Kokshoorn;Demie
van Pol;Louelle
Wubbels;Aras
van Veen;Alessandro
Lopez;Fahad
Ramaker;Jasmien
Lankreijer;Man
Selten;Nilüfer
Donkervoort;Wijntje
Logtenberg;Rishma
Pranger;Gaya
Bastings;Muhammet
Elmi;Alejandra
Veth;Devlin
Welink;Eeke
van der Zanden;Jayant
Fidder;Ozan
Agterberg;Lindey
de Keijzer;Saman
van Hilst;Jannita
Petter;Ina
Noor;Dimas
IJff;Marlou
Schoutens;Mouhsine
Meinen;Alek
Op den Camp;Verena
Treur;Sevgi
Zaaijer;Isha
Schimmel;Xanthe
Rebel;Arun
Eefting;Rickey
Gooren;Marchano
Spel;Yaşar
Stern;Mounir
van Hugten;Miraç
Vermaas;Oeds
Heijman;Sana
Stoker;Stijn
van de Linde;Alphonsus
Broersma;Jin
Vuik;Ela
Raaijmakers;Muna
Talens;Madiha
Zwaneveld;Bircan
Dijkstra;Aldin
van Lee;Roelinda
Nelisse;Selina
van Varik;Lewis
Sieders;Mattheus
Buijsman;Özkan
Vonck;Robin
Kosman;Özgür
Walter;Wies
Hogervorst;Josua
Okkema;Gabor
Fekkes;Frederic
Godijn;Arianna
Vervloet;Pascal
van Tetering;Greta
Brouwer;Anna-Marie
van den Bulk;Brad
Padberg;Vijay
Hes;Bobby
Exel;Percy
Buisman;Ilyaas
Boswinkel;Onno
Grol;Channah
Voshol;Soukayna
van de Rijdt;Josias
Grijsen;Manolito
Kruiper;Jia
Hempenius;Anjani
van Seters;Ericus
Jilderda;Yonca
Charité;Millie
Pals;Zowie
Lejeune;Amaal
de Bijl;Jessie
van Hees;Oene
Wiskerke;Leona
Heuveling;Lars
Osman;Emilio
Beverloo;Aschwin
Koks;Demet
Luijten;Vin
van de Geer;Chiem
Cillessen;Brian
Hamoen;Patty
Vosman;Marisja
van Hulst;Ariena
Verkuijl;Japke
Breebaart;Manouschka
van der Spoel;Marija
Oudejans;Debra
van Ettinger;Birkan
Aalten;Clifton
Kosman;Rianne
Yusuf;Giannina
Schilt;Siete
Ruijs;Jori
Wijers;Shaira
Velthuis;Herbert
Sijtsma;Renzo
Nabbe;Wieteke
Loeve;Ernest
Koole;Darnell
de Vroome;Splinter
Verharen;Hodan
Linders;Rika
Sanderse;Dagmar
Spijkerboer;Iona
van Kuijk;Saffira
van Netten;Sal
van Amstel;Rodi
ten Thije;Tineke
Smakman;Guillermo
Koolstra;Lydia
Spa;Jaring
Maatkamp;Florianne
Bunnik;Sytse
Becker;Ewout
Reek;Moses
Bazelmans;Mavis
Gravesteijn;Ruben
Vaes;Mendy
Capelle;Oane
Pels;Nandy
Oosthoek;Henrick
Roest;Ioanna
Barentsen;Gustavo
Oort;Jolyn
Schoot;Chislaine
IJzerman;Darian
Duivenvoorde;Hussain
Creemers;Derk-Jan
Bergwerff;Noumidia
Ünal;Arsen
Verwegen;Nassir
van Oene;Laurette
Koene;Francois
Sala;Alae-Eddine
Schouwstra;Tiana
Roskam;Naftali
Fokkema;Kadriye
Kaagman;Albertien
de Klerk;Yessica
Wagelaar;Sharona
Zwaans;Sandeep
van Weerden;Nazanin
Peelen;Adnane
Nijhof;Dingeman
van Gemert;Naómi
van den Berg;Rudy
van 't Hoff;Nilüfer
Beernink;Ties
Kwarten;Dewika
Wullink;Zakiya
Kalf;Leon
van den Elzen;Mertcan
van Aggelen;Reint
Pijnaker;Thibaud
Boerkamp;Zefanja
Siebert;Tymon
Helmes;Naciye
van de Lagemaat;Annoeska
Bosboom;Gulsum
van der Leek;Caesar
Piepers;Hamid
Claasen;Annieck
Leenman;Reda
Havekes;Bettie
Richardson;Laury
Bahadoer;Djairo
van Hooff;Dianthe
Saalmink;Jo
Sterrenburg;Riemke
Bogaers;Arantxa
te Brake;Cecile
Opmeer;Fianne
Vastenhout;Davi
Pleiter;Diliana
Kleinsman;Sanya
Schoutsen;Isis
Donkers;Allan
Heerema;Jacintha
van Breda;Geertruida
van Beeck;Abdelali
van Polen;Liz
Koenen;Sevde
Janson;Frank
Dinnissen;Marciano
Vesters;Annerieke
Vlek;Priscilla
Werkhoven;Jenita
Benjamins;Saranda
Seerden;Harold
Rikkers;Siep
Roumen;Fady
Rooijakkers;Çağla
Doornbos;Li
Roording;Anass
Besemer;Aarnoud
Huurman;Indy
Vergoossen;Timótheüs
Hettema;Bertha
Starreveld;Mariana
Bouwmeester;Timme
Vredenburg;Aalbert
van Woensel;Hajo
van Duinen;Magnus
Kracht;Arzu
Schoonenberg;Joao
Eenkhoorn;Joselien
Boermans;Jayro
Hulsen;Viktoria
te Grotenhuis;Remmert
van Oppen;Jacobine
Kraft;Gabriëla
van Nieuwkerk;Arslan
Klink;Jalil
van Loveren;Elles
Borneman;Steffie
Olie;Rebecca
Limpens;Antal
IJpelaar;Jonatan
Moret;Romijn
Vluggen;Martje
Peetoom;Andreia
Massop;Zefanja
Leliveld;Mijs
Krekels;Annetta
Tiekstra;Jannah
Udo;Sarina
Roeleveld;Yoëlla
van Toor;Celal
van Dis;Maximiliaan
Lem;Edwinus
Nouwen;Rein
Roerink;Xuan
Stigter;Xanne
Twigt;Melina
ten Thije;Khalid
Paalman;Daniek
Silva;Fabiola
Filippo;Jayden
Akdeniz;Savanna
Kist;Célina
Plantenga;Faycal
Langenkamp;Najima
Stek;Musab
Yigit;Ramón
de Leeuw;Wouterus
Brans;Kelsy
Rooker;Danine
Hollenberg;Sofiane
Staps;Turgay
Brak;Caithlin
Wessels;Bushra
Helleman;Evelyn
Bayram;Hennie
van der Tuuk;Artur
Verbaas;Nanke
Oranje;Dingenis
Palm;Wladimir
Grijsen;Nora
Kloosterman;Melih
Malik;Soumia
Ruben;Zaza
Haak;Lisandra
Bouwmeister;Djim
de Lepper;Mechelina
El Kaddouri;Rozanne
Hagendoorn;Kelly
van Geldorp;Nihal
Ophuis;Cheyenna
Offermans;Ouail
Lips;Janco
Quak;Ouissal
de Crom;Yaniek
van Boxmeer;Samara
van Krugten;Rhona
van Duinen;Arjuna
Raadschelders;Anno
Haagsma;Hedda
Zeilstra;Ioannis
Thoen;Lucinda
van Rootselaar;Zoï
Hofmans;Engelina
Stoffels;Christal
Berkenbosch;Carline
Klaasen;Jamy
Keuter;Hanny
Mohammadi;Renso
Eding;Bartel
Huijs;Chung
Rietdijk;Priya
Weidema;Romi
Vugs;Şaban
Egas;Elvin
Pruis;Richelle
Vogelaar;Patrycja
van Deelen;Dorinda
Levels;Kristiaan
van der Wolf;Juup
Siderius;Christie
Koedam;Sümeyra
Eenkhoorn;Else
Slinger;Geronimo
Romp;Charita
Versteeg;Wendel
Hooft;Kyla
Barnhoorn;Gerrit
van Tiel;Billy
Hebels;Tobi
van Kan;Roan
Isik;Cherise
van Diggele;Juliënne
